Latitude,Longitude,Elevation,Temperature,PrecipitationProbability,Dewpoint,Humidity,WindSpeed,ForestFireIndex
34.1141,-118.4068,365.1504,65,0,-14.444444444444445,10,10,1.0
41.8375,-87.6866,178.0032,9,0,-17.77777777777778,66,5,0.0
25.784,-80.2101,2.1336,50,0,10,100,6,0.2
29.786,-95.3885,17.9832,38,0,-1.6666666666666667,70,5,0.7
32.7935,-96.7667,153.924,33,0,-7.777777777777778,53,0,0.9
40.0077,-75.1339,29.8704,21,0,-11.666666666666666,65,5,0.6
33.7628,-84.422,287.1216,28,0,-7.222222222222222,68,5,0.0
38.9047,-77.0163,21.9456,21,0,-10.555555555555555,71,3,0.1
42.3188,-71.0852,18.8976,18,0,-14.444444444444445,59,7,0.1
33.5722,-112.0892,384.9624,47,0,-17.22222222222222,14,5,1.0
42.3834,-83.1024,193.8528,18,1,-12.777777777777779,71,7,0.0
47.6211,-122.3244,11.8872,38,0,2.2222222222222223,92,1,0.0
37.7558,-122.4449,77.1144,50,0,3.888888888888889,64,2,0.9
32.8313,-117.1222,91.1352,59,0,-15,11,5,1.0
44.9635,-93.2678,270.0528,-1,0,-22.77777777777778,68,0,0.0
27.9945,-82.4447,9.144,41,0,2.2222222222222223,83,6,0.3
40.6501,-73.9496,3.048,24,0,-12.777777777777779,52,12,0.3
39.762,-104.8758,1615.1352,19,0,-17.22222222222222,44,12,0.9
40.7498,-73.7976,17.9832,24,0,-14.444444444444445,45,10,0.4
33.9381,-117.3949,269.1384,58,0,-18.333333333333332,8,5,1.0
36.2333,-115.2654,730.9104,43,0,-17.77777777777778,16,2,1.0
39.3051,-76.6144,39.9288,20,0,-11.11111111111111,71,5,0.3
38.6359,-90.2451,163.9824,13,0,-13.333333333333334,80,3,0.0
45.5371,-122.65,60.96,37,1,0.5555555555555556,86,2,0.0
29.4632,-98.5238,213.0552,39,0,-6.111111111111111,47,5,1.0
38.5677,-121.4685,6.096,45,0,3.888888888888889,78,2,0.7
30.3005,-97.7522,177.0888,35,0,-6.111111111111111,57,0,0.5
28.4773,-81.337,28.0416,42,13,2.7777777777777777,81,10,0.0
18.3985,-66.061,17.0688,74,60,22.77777777777778,97,9,0.9
37.3012,-121.848,47.8536,50,0,-0.5555555555555556,48,2,0.9
39.7771,-86.1458,221.8944,14,0,-13.333333333333334,75,5,0.0
40.4397,-79.9763,248.1072,22,23,-7.222222222222222,86,6,0.1
39.1413,-84.506,213.0552,19,14,-10.555555555555555,77,6,0.0
40.7834,-73.9662,24.9936,24,0,-15,43,7,0.6
39.1238,-94.5541,219.1512,13,0,-13.88888888888889,75,3,0.0
41.4764,-81.6805,182.88,19,34,-10.555555555555555,77,9,-666
39.9862,-82.9855,238.9632,19,16,-11.11111111111111,74,7,0.0
40.8501,-73.8662,17.9832,22,0,-15,47,9,0.5
35.2083,-80.8303,199.9488,26,0,-8.88888888888889,64,2,0.3
36.7335,-76.0435,3.048,22,0,-8.88888888888889,68,3,0.2
30.3322,-81.6749,7.0104,33,0,-2.7777777777777777,88,7,-666
43.0642,-87.9675,217.932,7,0,-19.444444444444443,63,5,0.2
41.823,-71.4187,29.8704,17,0,-12.222222222222221,70,5,0.0
36.1715,-86.7842,145.9992,28,0,-5,81,5,0.1
40.7776,-111.9311,1300.8864,24,0,-11.11111111111111,59,5,0.3
35.8324,-78.6429,110.9472,27,0,-8.333333333333334,65,0,0.4
37.5295,-77.4756,56.0832,23,0,-10,62,3,0.0
35.1087,-89.9663,92.964,32,7,-4.444444444444445,72,5,0.2
35.4676,-97.5136,370.0272,25,0,-7.222222222222222,78,2,1.0
41.7661,-72.6834,21.9456,16,0,-15,73,2,0.1
38.1663,-85.6485,182.88,21,2,-9.444444444444445,77,6,0.0
42.9018,-78.8487,195.9864,21,27,-9.444444444444445,78,13,0.0
32.7817,-97.3474,160.9344,32,0,-7.777777777777778,56,0,0.8
41.1918,-73.1954,28.956,15,0,-13.88888888888889,70,6,0.5
30.0687,-89.9288,0.9144,37,0,-0.5555555555555556,79,5,-666
32.1541,-110.8787,808.9392,42,0,-22.77777777777778,11,14,1.0
31.8476,-106.43,1190.8536,25,0,-16.666666666666668,36,2,1.0
41.2627,-96.0529,334.9752,11,0,-15.555555555555555,73,3,0.0
26.2252,-98.2467,35.9664,49,8,1.6666666666666667,60,8,0.8
33.5279,-86.7971,175.8696,27,0,-7.222222222222222,71,0,0.5
35.1054,-106.6465,1520.952,18,0,-18.333333333333332,41,0,1.0
36.1283,-95.9042,227.9904,22,0,-10.555555555555555,70,0,0.5
32.8168,-79.9687,0.9144,25,0,-6.111111111111111,84,1,0.0
36.783,-119.7939,91.1352,47,0,0.5555555555555556,58,0,0.9
43.168,-77.6162,143.8656,21,33,-8.88888888888889,79,10,0.0
39.7805,-84.2003,238.9632,15,3,-12.222222222222221,80,5,0.0
26.6443,-81.9957,7.0104,45,1,6.666666666666667,96,7,0.0
40.2457,-111.6457,1400.8608,26,0,-13.333333333333334,46,6,0.0
38.8674,-104.7605,1950.1104,11,0,-17.77777777777778,61,10,0.9
33.6096,-117.6551,181.0512,58,0,-18.333333333333332,9,5,1.0
40.5961,-75.4756,91.1352,10,0,-13.88888888888889,87,5,0.4
30.442,-91.1311,17.9832,30,0,-3.3333333333333335,85,0,0.2
41.2279,-111.9682,1318.8696,23,0,-12.222222222222221,57,3,0.0
35.9692,-83.9496,274.0152,30,0,-5,77,0,0.2
42.9619,-85.6562,188.976,13,33,-13.88888888888889,76,3,0.0
34.0378,-80.9036,91.1352,27,0,-10.555555555555555,57,0,0.2
42.6664,-73.7987,60.0456,6,2,-14.444444444444445,80,2,0.0
35.3529,-119.0359,118.872,50,0,-8.88888888888889,25,5,0.8
41.3113,-72.9246,10.0584,18,0,-13.88888888888889,61,2,0.1
41.5725,-93.6105,270.0528,7,0,-18.333333333333332,69,3,0.0
27.9631,-80.6593,7.0104,45,15,5,86,10,0.0
41.0798,-81.5219,277.9776,16,17,-11.11111111111111,81,8,0.1
37.9722,-122.0016,39.9288,45,0,2.2222222222222223,69,1,0.8
33.4015,-111.7178,405.9936,45,0,-17.77777777777778,15,5,1.0
37.6895,-97.3443,402.0312,18,0,-8.88888888888889,93,5,0.2
40.2752,-76.8843,120.0912,17,0,-13.333333333333334,68,2,0.5
40.5834,-74.1496,24.0792,19,0,-13.88888888888889,59,10,0.6
41.6638,-83.5827,182.88,15,10,-12.222222222222221,80,7,0.0
42.2705,-71.8079,152.0952,13,0,-16.666666666666668,61,6,0.0
27.2796,-80.3884,7.0104,47,11,7.222222222222222,93,10,0.2
34.7256,-92.3577,91.1352,27,0,-7.777777777777778,68,5,0.0
43.0822,-89.393,259.08,3,0,-20,72,5,0.0
47.6671,-117.433,562.0512,25,0,-5.555555555555555,88,2,0.0
33.7977,-118.167,21.0312,57,0,-7.222222222222222,23,5,1.0
33.2175,-97.1418,196.9008,30,0,-6.666666666666667,66,0,1.0
39.5497,-119.8483,1455.1152,36,0,-8.333333333333334,46,5,0.4
43.6005,-116.2308,843.0768,26,1,-8.333333333333334,69,1,0.3
26.3558,-81.7859,2.1336,48,0,7.222222222222222,89,7,0.2
28.3041,-81.4169,18.8976,44,12,2.2222222222222223,72,10,0.0
33.3645,-82.0708,95.0976,27,0,-7.222222222222222,68,3,0.2
42.1155,-72.5395,60.0456,9,0,-17.22222222222222,69,2,0.2
37.7904,-122.2166,46.0248,52,0,2.2222222222222223,54,2,0.8
36.1029,-80.261,259.08,24,0,-10.555555555555555,62,1,0.2
37.9765,-121.3109,2.1336,44,0,3.888888888888889,83,2,0.8
35.9792,-78.9022,114.9096,24,0,-8.88888888888889,71,0,0.0
35.066,-85.2481,242.0112,26,0,-6.666666666666667,78,0,0.0
34.8354,-82.3646,269.1384,24,0,-8.88888888888889,70,2,0.3
40.042,-76.3012,92.0496,15,0,-12.777777777777779,77,3,0.5
43.0407,-76.1437,121.92,20,12,-10,77,8,0.0
36.0714,-94.1661,395.0208,17,0,-12.777777777777779,70,0,0.0
30.4413,-87.1911,0.9144,29,0,-5.555555555555555,75,5,-666
32.6998,-97.125,193.8528,32,0,-8.333333333333334,53,0,0.9
39.7083,-104.7237,1705.9656,17,0,-18.333333333333332,45,15,1.0
41.4044,-75.6649,217.0176,13,0,-13.333333333333334,80,5,0.2
34.1964,-119.1815,0.9144,61,0,-9.444444444444445,17,10,0.9
33.7346,-116.2346,0.9144,47,0,-17.77777777777778,14,5,1.0
34.5277,-117.3536,907.9992,40,0,-18.88888888888889,16,5,1.0
40.2237,-74.7641,7.0104,15,0,-12.777777777777779,77,5,0.7
34.6981,-86.6412,224.028,27,0,-7.222222222222222,71,0,0.1
37.6375,-121.0028,14.9352,45,0,3.3333333333333335,76,2,1.0
21.3294,-157.846,123.1392,65,5,12.222222222222221,69,2,1.0
36.0956,-79.8271,252.984,23,0,-10.555555555555555,65,2,0.3
41.0888,-85.1436,227.9904,13,6,-13.88888888888889,79,5,0.0
33.839,-117.8574,56.0832,62,0,-17.77777777777778,8,15,1.0
27.7254,-97.3767,6.096,46,0,1.1111111111111112,63,10,0.5
40.5477,-105.0656,1521.8664,15,0,-16.11111111111111,58,6,1.0
37.9787,-121.796,47.8536,47,0,1.6666666666666667,62,2,0.9
32.3157,-90.2125,86.868,27,0,-7.222222222222222,71,0,0.0
35.085,-78.9772,60.96,24,0,-8.333333333333334,74,1,0.2
33.7094,-78.8844,7.0104,28,0,-5.555555555555555,77,5,0.6
36.0133,-115.0381,726.948,40,0,-17.77777777777778,18,2,1.0
30.6782,-88.1162,11.8872,28,0,-5,81,0,0.3
38.0423,-84.4587,313.0296,21,1,-8.333333333333334,84,6,0.0
42.7142,-84.5601,260.9088,11,2,-13.88888888888889,83,5,0.0
32.0286,-81.1821,3.048,24,0,-7.777777777777778,77,2,0.2
41.0993,-80.6463,274.0152,17,21,-11.11111111111111,80,7,0.1
42.2759,-83.731,260.9088,11,1,-13.88888888888889,83,5,0.0
33.7367,-117.8819,24.9936,61,0,-17.77777777777778,8,10,1.0
33.6772,-117.7738,25.908,60,0,-17.77777777777778,9,10,1.0
44.9478,-93.1039,246.888,-1,0,-22.22222222222222,71,5,0.0
41.695,-73.9211,36.8808,12,0,-13.88888888888889,80,2,0.0
40.7245,-74.1725,36.8808,19,0,-15,54,7,0.5
38.4458,-122.7067,57.912,47,0,2.2222222222222223,67,1,0.1
35.3933,-80.6369,213.0552,22,0,-9.444444444444445,72,1,0.0
28.0118,-81.7014,45.1104,42,2,2.2222222222222223,81,7,0.0
35.5707,-82.5537,604.1136,20,1,-10,75,5,0.3
40.8078,-81.3676,331.9272,15,15,-11.11111111111111,85,8,0.0
40.8099,-96.6784,370.0272,13,0,-14.444444444444445,73,5,0.2
43.0236,-83.6921,244.1448,12,2,-14.444444444444445,78,5,0.0
28.0557,-81.9545,56.0832,42,0,2.2222222222222223,81,6,0.0
40.7184,-74.0686,25.908,22,0,-14.444444444444445,49,7,0.5
25.5765,-80.3356,0.9144,50,0,9.444444444444445,96,6,0.7
38.3479,-122.6965,29.8704,46,0,3.3333333333333335,75,1,0.0
37.9929,-121.6952,2.1336,47,0,4.444444444444445,75,1,1.0
42.5129,-70.9021,11.8872,19,0,-13.333333333333334,61,7,0.5
43.2305,-71.5595,79.8576,3,0,-17.77777777777778,87,0,0.0
41.2469,-75.876,182.88,15,2,-12.222222222222221,80,5,0.3
26.7244,-81.8485,6.096,45,2,5.555555555555555,92,6,0.0
32.7865,-115.5595,-11.5824,46,0,-14.444444444444445,19,0,1.0
40.6515,-73.585,3.9624,21,0,-12.777777777777779,59,8,0.4
40.345,-111.9154,1392.0216,21,0,-12.777777777777779,60,6,0.2
26.178,-80.1528,3.048,51,6,10,96,7,0.0
35.6238,-87.0484,213.0552,26,0,-5,88,0,0.1
26.627,-80.1371,4.8768,50,3,9.444444444444445,96,7,0.0
40.7637,-73.5245,46.0248,19,0,-14.444444444444445,56,7,0.1
34.6618,-120.4714,60.0456,40,0,-3.3333333333333335,56,0,1.0
18.3599,-66.0096,50.9016,72,50,21.666666666666668,99,8,0.9
41.8741,-88.0157,213.0552,6,0,-18.88888888888889,69,5,0.3
40.1101,-111.6405,1396.8984,21,0,-13.333333333333334,57,5,0.0
40.6251,-74.2383,13.1064,18,0,-14.444444444444445,59,8,0.6
32.4035,-96.8446,181.9656,32,0,-6.666666666666667,61,0,0.9
42.4517,-73.2605,303.8856,4,1,-15.555555555555555,76,2,0.0
29.7914,-95.1144,7.0104,39,0,0.5555555555555556,80,0,0.4
29.2985,-81.1014,3.048,40,12,0.5555555555555556,77,10,0.0
33.3767,-84.7761,274.0152,24,0,-7.777777777777778,77,0,0.1
38.6409,-77.258,46.0248,21,0,-11.11111111111111,68,3,0.6
35.6526,-78.8399,121.92,26,0,-8.88888888888889,65,0,0.3
37.8121,-121.9698,182.88,47,0,0,58,1,0.8
38.7773,-77.2633,106.0704,20,0,-11.11111111111111,71,5,0.0
39.8595,-84.113,301.1424,15,3,-12.222222222222221,80,6,0.0
40.7129,-73.3585,9.144,19,0,-13.88888888888889,59,7,0.5
40.2851,-83.0741,274.0152,14,7,-12.777777777777779,80,6,0.0
29.565,-98.2535,213.0552,37,0,-6.666666666666667,50,5,1.0
25.9302,-80.1659,2.1336,51,2,10,96,7,0.0
42.001,-71.4993,71.0184,16,0,-15,61,5,0.0
36.8555,-121.3986,85.9536,47,0,0,56,2,0.7
37.2802,-121.9539,61.8744,48,0,1.6666666666666667,60,2,0.9
42.1675,-87.9615,199.9488,5,0,-18.88888888888889,72,5,0.2
47.8115,-122.3533,75.8952,38,1,2.2222222222222223,91,2,-666
39.2646,-76.7424,124.968,20,0,-11.11111111111111,71,6,0.0
38.7479,-77.4838,88.0872,18,0,-11.11111111111111,77,3,0.4
38.474,-121.324,20.1168,43,0,2.7777777777777777,78,2,0.3
47.1793,-122.2902,29.8704,34,5,0.5555555555555556,96,0,0.0
37.6256,-122.4313,60.0456,51,0,3.3333333333333335,62,2,0.7
33.6905,-116.143,28.956,47,0,-16.11111111111111,16,5,1.0
38.5676,-92.1759,213.0552,11,0,-15,76,1,0.0
33.5999,-117.1069,422.148,50,0,-19.444444444444443,10,10,1.0
43.6241,-84.2319,191.1096,11,2,-13.88888888888889,82,5,0.0
42.5681,-70.8627,27.1272,18,0,-13.333333333333334,64,7,0.0
34.1416,-117.2943,363.0168,54,0,-18.333333333333332,10,5,0.9
47.2431,-122.4531,79.8576,35,1,0.5555555555555556,91,2,0.0
29.6804,-82.3459,49.9872,33,0,-3.888888888888889,78,6,0.0
36.0952,-115.2636,737.9208,40,0,-17.77777777777778,18,3,1.0
36.5692,-87.3413,153.0096,25,0,-8.333333333333334,71,5,0.0
30.5852,-96.2959,91.1352,31,0,-5,73,5,0.8
47.0417,-122.8959,29.8704,35,7,0.5555555555555556,92,0,0.0
37.2785,-79.9581,303.8856,26,1,-8.88888888888889,66,3,0.2
43.6773,-70.2715,17.0688,12,0,-14.444444444444445,76,5,0.0
34.0968,-117.4599,377.952,58,0,-19.444444444444443,8,15,0.9
34.9442,-81.9251,213.0552,24,0,-9.444444444444445,69,2,0.1
33.9244,-117.2045,523.0368,52,0,-19.444444444444443,10,10,1.0
33.156,-96.8216,213.0552,29,0,-7.222222222222222,66,0,0.6
40.9466,-73.8673,46.0248,19,0,-13.88888888888889,59,7,0.0
34.1914,-118.8756,267.0048,61,0,-23.333333333333332,6,20,1.0
43.5396,-96.7311,442.8744,9,5,-15.555555555555555,80,5,0.3
39.6401,-77.7217,182.88,16,1,-12.777777777777779,73,3,0.7
37.9881,-87.5341,116.1288,18,0,-10.555555555555555,80,2,0.0
35.1984,-101.8316,1110.996,22,0,-11.666666666666666,61,10,0.4
42.2749,-85.5882,238.0488,14,51,-13.333333333333334,76,6,0.0
41.4409,-82.184,188.976,16,17,-11.666666666666666,79,12,0.0
29.2484,-94.8913,0.9144,40,0,1.6666666666666667,81,10,-666
33.2016,-96.667,168.8592,30,0,-7.222222222222222,63,0,0.4
38.4109,-82.4345,225.8568,23,17,-7.222222222222222,84,3,0.1
43.5844,-116.5638,764.1336,25,1,-7.222222222222222,77,3,0.5
35.741,-81.3223,349.9104,21,0,-10.555555555555555,71,2,0.0
41.5582,-73.0361,91.1352,8,0,-15,87,1,0.1
36.1783,-115.0487,537.972,40,0,-17.77777777777778,18,2,1.0
32.6871,-97.0208,160.9344,32,0,-7.777777777777778,56,0,1.0
29.178,-82.1511,21.0312,39,0,-3.3333333333333335,69,6,0.1
31.5599,-97.1882,167.0304,34,0,-6.111111111111111,58,5,0.6
38.887,-94.687,302.0568,11,0,-14.444444444444445,79,3,0.0
39.4337,-77.4141,106.0704,17,0,-11.666666666666666,77,3,0.4
33.696,-118.0018,11.8872,62,0,-15.555555555555555,10,10,1.0
34.4285,-119.7202,60.0456,58,0,-1.6666666666666667,33,5,1.0
33.7843,-112.2989,465.1248,44,0,-18.333333333333332,15,10,1.0
41.9662,-91.6783,235.9152,-5,0,-20.555555555555557,100,0,0.3
45.6366,-122.5967,61.8744,36,1,1.1111111111111112,93,2,0.0
34.1819,-118.2468,509.016,57,0,-12.222222222222221,16,10,1.0
35.2494,-81.1854,237.1344,22,0,-10.555555555555555,69,1,0.0
28.4798,-82.53,14.0208,36,0,-1.1111111111111112,80,6,0.1
35.849,-86.4121,170.9928,26,0,-5,88,0,0.2
33.3881,-111.9319,363.9312,46,0,-17.22222222222222,15,5,1.0
36.0872,-115.1355,630.0216,40,0,-17.77777777777778,18,3,1.0
37.1051,-76.5185,0.9144,24,0,-9.444444444444445,65,5,0.6
42.1167,-80.0733,219.1512,18,60,-11.11111111111111,78,12,0.0
26.1412,-80.1464,3.048,50,5,10,100,7,0.6
34.2902,-83.8294,381,28,0,-8.88888888888889,61,5,0.0
41.7638,-88.2902,213.9696,2,0,-18.88888888888889,83,5,0.2
34.7821,-82.3032,273.1008,24,0,-10,65,2,0.2
34.0393,-117.6064,250.8504,58,0,-18.88888888888889,9,5,1.0
38.4161,-121.3842,9.144,42,0,2.7777777777777777,83,2,0.9
30.1995,-85.6003,7.9248,29,0,-4.444444444444445,81,5,0.0
35.7819,-78.8195,121.0056,27,0,-8.333333333333334,65,0,0.6
33.7341,-116.9969,477.9264,49,0,-20,10,5,1.0
41.4015,-73.4709,117.0432,4,0,-16.11111111111111,95,1,0.0
34.1247,-117.5667,415.1376,56,0,-18.333333333333332,9,5,0.9
36.6883,-121.6317,20.1168,50,0,1.1111111111111112,54,3,0.8
33.2247,-117.3083,67.9704,54,0,-17.77777777777778,11,5,1.0
38.1125,-122.2342,29.8704,47,0,2.2222222222222223,65,1,0.5
35.991,-79.9937,255.1176,23,0,-10.555555555555555,65,1,0.3
33.7787,-117.9601,14.0208,61,0,-17.22222222222222,9,10,1.0
26.0128,-80.3382,3.048,51,3,8.88888888888889,89,7,0.0
34.6935,-118.1753,730.9104,33,0,-25.555555555555557,15,10,1.0
48.0809,-122.1561,14.9352,34,1,1.1111111111111112,100,1,0.0
18.3794,-66.1635,17.0688,72,50,22.22222222222222,100,8,0.6
38.2992,-77.4872,61.8744,20,0,-11.11111111111111,71,3,0.0
36.3276,-119.3269,91.1352,46,0,3.3333333333333335,73,0,0.9
33.2348,-87.5268,60.96,27,0,-5.555555555555555,81,0,0.0
34.5944,-118.1057,793.0896,35,0,-24.444444444444443,15,10,1.0
36.9789,-122.0346,21.0312,49,0,1.1111111111111112,56,2,0.8
42.3372,-122.854,426.1104,36,2,0,86,2,0.0
41.5495,-72.0882,29.8704,9,0,-15.555555555555555,80,2,0.0
37.3057,-120.4779,53.0352,44,0,2.2222222222222223,73,0,1.0
42.9848,-71.4447,86.868,10,0,-15,80,5,0.0
31.8801,-102.3448,890.9304,28,0,-13.88888888888889,40,0,1.0
43.2281,-86.2562,188.976,17,65,-13.333333333333334,67,7,0.0
28.7672,-81.8962,21.0312,39,3,-0.5555555555555556,72,5,0.0
40.3991,-86.8593,199.9488,11,0,-15,76,3,0.0
37.6328,-122.0766,53.9496,50,0,2.2222222222222223,60,2,1.0
33.8616,-117.5649,281.94,57,0,-18.88888888888889,9,15,1.0
40.9147,-74.1624,27.1272,17,0,-14.444444444444445,61,3,0.5
38.8185,-77.0861,75.8952,21,0,-10.555555555555555,71,3,0.0
32.8065,-83.6974,123.1392,27,0,-6.666666666666667,75,0,0.0
39.6977,-105.1172,1766.9256,22,0,-18.333333333333332,35,16,0.9
39.7709,-89.654,182.88,10,0,-16.666666666666668,68,3,0.0
39.1235,-94.7443,303.8856,12,0,-14.444444444444445,77,3,0.0
36.076,-79.4685,228.9048,23,0,-10,68,1,0.2
32.5961,-83.6527,121.92,27,0,-6.666666666666667,75,5,0.1
37.3836,-122.0255,28.0416,47,0,1.6666666666666667,62,2,1.0
26.0293,-80.1679,3.048,51,3,10,96,7,0.0
38.7703,-121.3196,42.9768,45,0,3.3333333333333335,76,2,0.3
41.6697,-70.9428,25.908,19,0,-11.666666666666666,70,7,0.0
42.4614,-83.6526,287.1216,12,2,-13.88888888888889,79,6,0.0
47.5951,-122.1535,73.152,37,1,1.6666666666666667,93,1,0.0
38.2583,-122.0335,10.9728,46,0,1.6666666666666667,64,1,0.8
42.1014,-75.9093,274.0152,17,4,-11.666666666666666,77,5,0.2
39.0346,-95.6955,278.892,11,0,-15,77,0,0.2
33.1348,-117.0723,241.0968,58,0,-20.555555555555557,7,15,0.8
41.5188,-88.1499,192.9384,5,0,-18.333333333333332,76,5,0.2
33.6815,-112.4515,435.864,44,0,-18.88888888888889,14,10,1.0
41.748,-88.1659,213.0552,5,0,-18.333333333333332,76,5,0.1
29.6575,-95.1498,9.144,38,0,-2.2222222222222223,66,5,0.4
32.7602,-96.5865,155.1432,32,0,-6.111111111111111,63,0,0.8
40.1142,-88.2737,230.124,8,0,-15.555555555555555,80,6,0.0
34.0585,-117.7626,264.8712,58,0,-19.444444444444443,9,5,1.0
29.58,-90.7059,0.9144,30,0,-2.7777777777777777,88,0,0.0
33.9508,-83.3689,214.884,27,0,-7.777777777777778,70,5,0.5
37.0758,-113.5752,823.8744,32,0,-17.22222222222222,26,2,1.0
30.0849,-94.1451,7.0104,33,0,-2.2222222222222223,82,0,0.1
41.6916,-85.9627,227.076,14,31,-12.777777777777779,80,10,0.0
30.201,-93.2111,3.9624,33,0,-2.2222222222222223,82,0,0.1
34.9333,-120.4431,74.9808,50,0,3.3333333333333335,63,0,0.9
32.5995,-114.5491,56.0832,46,0,-16.11111111111111,16,5,0.9
38.8833,-94.82,306.0192,12,0,-13.88888888888889,77,3,0.0
32.0243,-102.1147,847.0392,28,0,-13.333333333333334,42,0,1.0
40.4152,-104.7706,1476.1464,12,0,-16.11111111111111,65,5,1.0
33.8346,-118.3416,28.956,50,0,-3.888888888888889,38,5,0.9
39.9197,-104.9438,1602.0288,18,0,-17.22222222222222,46,12,0.9
32.3265,-106.7893,1204.8744,22,0,-17.77777777777778,37,1,1.0
38.9472,-92.3268,237.1344,11,0,-14.444444444444445,80,3,0.1
33.8841,-117.9279,60.0456,60,0,-18.333333333333332,8,10,1.0
39.0877,-108.5673,1412.1384,16,0,-17.22222222222222,51,5,0.7
18.4054,-65.9792,9.144,74,60,22.77777777777778,96,10,0.9
29.9977,-90.178,0.9144,35,0,-1.1111111111111112,82,0,0.5
33.8038,-117.8218,106.9848,64,0,-18.88888888888889,7,20,1.0
42.4934,-83.027,191.1096,17,1,-12.222222222222221,72,7,0.0
40.6886,-112.0123,1295.0952,24,0,-11.666666666666666,56,7,0.4
37.0551,-76.363,0.9144,26,0,-8.333333333333334,65,5,0.4
34.1597,-118.139,280.1112,54,0,-12.777777777777779,17,5,0.9
25.9773,-80.3351,3.048,51,1,8.88888888888889,89,7,0.0
40.6658,-74.1913,3.9624,20,0,-14.444444444444445,54,8,0.5
41.1039,-73.5585,60.0456,17,0,-15,58,6,0.1
42.7274,-87.8135,199.0344,7,0,-18.88888888888889,66,5,-666
47.3887,-122.2128,60.96,36,4,1.1111111111111112,93,1,0.0
46.5923,-120.5496,365.1504,31,3,-3.888888888888889,77,3,0.3
26.2702,-80.2591,3.048,51,5,10,96,7,0.9
42.5809,-83.0305,192.024,16,1,-12.222222222222221,74,7,0.0
45.7891,-108.5526,997.9152,25,6,-11.666666666666666,56,17,0.8
40.4757,-88.9703,256.9464,7,0,-16.11111111111111,82,6,0.0
38.3484,-81.6322,181.0512,25,24,-7.222222222222222,78,3,0.0
32.989,-96.8999,157.8864,32,0,-5,69,0,0.9
32.3184,-95.3062,164.8968,32,0,-7.222222222222222,71,0,0.9
41.6559,-91.5303,210.9216,2,0,-18.333333333333332,87,0,0.1
36.3406,-82.3806,487.9848,25,5,-8.88888888888889,68,0,0.0
37.3646,-121.968,14.9352,48,0,1.1111111111111112,57,2,1.0
48.7548,-122.469,9.144,35,0,0.5555555555555556,93,1,0.2
35.2335,-97.3471,338.9376,25,0,-7.777777777777778,74,2,0.5
47.704,-116.7936,687.9336,26,0,-5.555555555555555,85,2,0.0
35.3495,-94.3695,152.0952,27,0,-10,58,5,0.1
33.0454,-96.9815,138.9888,34,0,-4.444444444444445,66,0,1.0
39.161,-75.5202,3.048,16,0,-11.666666666666666,80,5,0.6
39.1357,-121.6383,17.0688,45,0,2.7777777777777777,72,1,0.3
26.612,-81.6388,7.9248,46,3,6.666666666666667,92,7,0.0
32.4543,-99.7384,531.876,28,0,-9.444444444444445,58,0,1.0
34.2663,-118.749,299.9232,65,0,-19.444444444444443,7,20,1.0
29.5581,-95.3218,14.9352,37,0,-2.7777777777777777,66,5,0.1
42.5865,-87.8773,217.0176,6,0,-18.88888888888889,69,5,0.3
18.4491,-66.7387,53.9496,71,20,21.666666666666668,100,8,0.5
43.6116,-116.3977,790.0416,26,1,-7.777777777777778,71,3,0.5
30.527,-97.6642,217.0176,32,0,-6.666666666666667,60,5,0.8
38.6085,-76.9194,60.0456,20,0,-11.11111111111111,71,5,0.1
31.1068,-97.3891,193.8528,34,0,-8.88888888888889,47,5,1.0
37.4003,-79.1909,213.0552,23,0,-9.444444444444445,71,2,0.0
44.0154,-92.478,317.9064,4,0,-21.666666666666668,59,5,0.0
41.7399,-111.8422,1398.1176,16,0,-13.333333333333334,71,3,0.0
39.832,-105.151,1698.9552,23,0,-18.333333333333332,34,17,1.0
36.8278,-119.683,100.8888,48,0,0.5555555555555556,56,0,0.9
39.0871,-94.3501,274.0152,12,0,-14.444444444444445,77,2,0.0
40.5698,-122.365,182.88,47,0,2.7777777777777777,68,1,0.4
35.5943,-77.376,14.9352,25,0,-7.777777777777778,74,3,0.3
46.7756,-92.1393,366.9792,-10,0,-27.77777777777778,69,5,-666
37.8722,-122.276,57.912,52,0,2.2222222222222223,52,2,1.0
40.0248,-105.2524,1633.1184,24,0,-17.77777777777778,35,26,0.5
38.2701,-104.6114,1457.8584,10,0,-16.11111111111111,73,5,1.0
26.7469,-80.132,6.096,50,2,9.444444444444445,96,7,0.1
44.4876,-73.2316,39.0144,17,4,-11.666666666666666,77,6,0.5
36.6224,-121.8199,47.8536,51,0,0,48,3,0.9
32.9716,-96.7093,192.024,33,0,-5.555555555555555,63,0,0.7
42.3759,-71.1185,0.9144,18,0,-14.444444444444445,59,5,0.1
32.5185,-92.0774,21.9456,32,0,-6.111111111111111,71,5,0.3
32.9067,-80.0722,10.0584,23,0,-7.222222222222222,84,1,0.0
43.4199,-83.9501,182.88,14,2,-13.333333333333334,76,6,0.0
27.979,-82.7623,14.9352,41,0,2.2222222222222223,81,7,0.3
30.1738,-95.5134,63.0936,34,0,-3.3333333333333335,73,5,0.3
27.9367,-82.3,14.0208,41,0,2.2222222222222223,81,6,0.1
45.534,-94.1718,333.1464,-4,0,-22.22222222222222,82,0,0.2
40.6024,-112.0008,1389.888,24,0,-12.222222222222221,56,8,0.4
36.038,-95.7806,213.0552,21,0,-10,74,0,0.2
26.1916,-97.6977,11.8872,48,21,3.3333333333333335,68,12,0.7
21.392,-157.7396,46.9392,66,5,12.777777777777779,69,5,-666
39.8837,-105.0624,1627.0224,22,0,-17.22222222222222,40,15,0.9
37.0046,-121.5854,60.96,50,0,0,50,2,0.8
37.9477,-122.3389,39.9288,49,0,3.3333333333333335,65,2,1.0
30.3751,-90.0904,0.9144,29,0,-2.2222222222222223,96,0,0.1
43.0962,-75.2261,143.8656,16,18,-12.222222222222221,77,3,0.0
18.0127,-66.6212,14.0208,76,4,20.555555555555557,79,6,1.0
29.4874,-95.1087,7.0104,36,0,-1.6666666666666667,74,5,0.1
29.8554,-93.9264,0,39,0,-0.5555555555555556,73,5,-666
42.6389,-71.3217,39.9288,14,0,-15.555555555555555,64,3,0.0
34.0326,-118.1691,106.0704,56,0,-8.333333333333334,22,5,1.0
33.1246,-117.2834,71.0184,58,0,-16.666666666666668,10,15,-666
42.0383,-88.324,249.936,3,0,-18.88888888888889,79,5,0.3
42.4918,-92.3522,259.08,3,0,-20.555555555555557,68,3,0.0
42.5209,-71.7717,167.0304,8,0,-15.555555555555555,83,6,0.0
44.0563,-121.3095,1096.9752,36,3,-4.444444444444445,62,3,0.0
42.4959,-96.3901,334.9752,9,3,-16.11111111111111,76,5,0.3
45.5021,-122.4413,121.0056,37,1,1.1111111111111112,88,2,0.0
32.5193,-94.7622,86.868,29,0,-6.666666666666667,88,0,0.6
26.2428,-80.1312,3.9624,50,6,10,100,8,0.4
33.9379,-118.1311,28.956,55,0,-7.222222222222222,24,5,1.0
33.5719,-117.1909,365.1504,55,0,-18.88888888888889,9,10,1.0
43.4871,-112.0362,1432.8648,8,0,-15.555555555555555,83,3,0.0
25.9433,-80.2426,2.1336,51,2,9.444444444444445,93,7,0.0
47.9525,-122.1669,54.864,36,1,1.6666666666666667,98,1,0.4
42.7677,-86.0984,195.072,15,65,-13.333333333333334,73,6,0.0
33.6667,-117.9135,0.9144,61,0,-15.555555555555555,10,10,1.0
33.4928,-117.1315,313.944,56,0,-21.11111111111111,8,20,1.0
34.7289,-77.3941,6.096,20,0,-8.88888888888889,84,3,0.4
34.2741,-119.2314,89.916,54,0,-11.666666666666666,18,10,0.9
29.5935,-95.6358,21.0312,35,0,-2.7777777777777777,73,5,0.4
39.7578,-121.8161,61.8744,47,0,2.7777777777777777,68,2,0.2
33.6273,-84.58,274.0152,27,0,-7.222222222222222,71,0,0.0
39.5736,-119.7161,1402.08,33,0,-10,46,5,0.9
44.8197,-91.4948,242.9256,-6,0,-24.444444444444443,74,0,0.0
32.6087,-85.4903,209.0928,27,0,-7.777777777777778,68,5,0.0
42.3127,-83.213,181.9656,16,1,-13.333333333333334,73,6,0.0
27.8227,-82.3023,14.9352,40,0,2.2222222222222223,85,6,0.1
33.1088,-96.6735,199.9488,29,0,-6.111111111111111,72,0,0.8
34.0555,-117.9113,132.8928,50,0,-16.666666666666668,15,5,1.0
39.5926,-104.8673,1737.0552,18,0,-18.333333333333332,42,12,1.0
39.1637,-86.5257,242.0112,14,0,-12.777777777777779,80,3,0.0
33.9366,-84.3703,319.1256,27,0,-7.222222222222222,73,5,0.0
34.0739,-118.0291,89.916,50,0,-15,17,5,0.9
45.5273,-122.936,60.96,36,1,1.1111111111111112,93,1,0.0
33.6909,-117.1849,472.1352,50,0,-18.88888888888889,11,5,1.0
35.2873,-106.6982,1702.0032,18,0,-21.11111111111111,34,5,1.0
26.0789,-80.287,3.048,50,4,9.444444444444445,96,7,1.0
34.001,-117.4706,235.9152,57,0,-18.88888888888889,9,15,1.0
39.2004,-76.859,99.06,18,0,-11.11111111111111,77,5,0.2
33.9566,-118.3444,29.8704,55,0,-5,29,5,1.0
47.6626,-117.2346,623.9256,26,0,-4.444444444444445,90,2,0.0
47.4784,-122.1918,60.96,37,1,1.6666666666666667,91,1,0.0
33.1786,-111.5629,455.9808,40,0,-20.555555555555557,14,10,1.0
34.1879,-118.3235,177.0888,51,0,-17.77777777777778,13,10,1.0
42.0821,-71.0242,38.1,14,0,-14.444444444444445,70,5,0.0
32.8017,-116.9604,153.924,57,0,-20,8,5,0.8
34.1175,-117.3892,430.0728,55,0,-18.333333333333332,10,15,0.9
37.5522,-122.3121,32.9184,51,0,2.7777777777777777,57,2,-666
33.2614,-112.3622,359.0544,49,0,-20,11,10,1.0
38.0375,-78.4855,121.92,22,0,-11.11111111111111,65,3,0.1
39.9946,-105.0998,1603.8576,20,0,-16.666666666666668,45,20,0.0
38.9171,-94.3816,303.8856,12,0,-14.444444444444445,76,3,0.0
26.3196,-98.1597,28.956,48,8,1.1111111111111112,59,9,0.9
37.6862,-122.4685,60.0456,50,0,3.3333333333333335,64,2,0.9
33.9072,-98.5291,295.0464,26,0,-7.777777777777778,71,3,1.0
36.9716,-86.4378,166.116,23,0,-8.333333333333334,77,6,0.0
40.1686,-105.1005,1517.904,15,0,-16.666666666666668,56,17,1.0
38.3587,-121.9673,32.004,46,0,0,59,1,0.4
39.5419,-104.9708,1737.0552,20,0,-18.333333333333332,39,8,0.0
42.2506,-71.0187,31.0896,20,0,-13.88888888888889,56,7,0.4
39.9588,-85.9659,242.9256,11,0,-13.88888888888889,83,3,0.0
42.4781,-70.9664,25.908,20,0,-14.444444444444445,54,7,0.0
33.9069,-118.0829,29.8704,54,0,-11.666666666666666,18,5,1.0
39.965,-86.146,267.0048,12,0,-14.444444444444445,76,3,0.0
34.3975,-117.3147,1039.0632,40,0,-18.88888888888889,16,10,1.0
29.8976,-81.31,0,40,0,-0.5555555555555556,85,14,0.1
33.4314,-112.6429,351.1296,49,0,-20,11,10,1.0
31.4424,-100.4504,563.88,27,0,-8.333333333333334,65,0,1.0
47.3091,-122.3358,106.9848,35,1,0.5555555555555556,91,1,0.0
46.8143,-100.7694,534.924,21,32,-10.555555555555555,71,9,0.3
26.3752,-80.108,3.9624,50,6,10,100,10,0.1
29.6994,-98.1148,193.8528,34,0,-6.666666666666667,57,5,1.0
33.1896,-117.2386,121.0056,56,0,-18.88888888888889,9,15,0.9
45.4779,-122.8168,60.96,36,1,1.1111111111111112,91,1,0.0
36.8468,-76.354,3.048,24,0,-8.88888888888889,68,6,0.3
40.2981,-111.6994,1420.9776,22,0,-13.333333333333334,54,5,0.0
30.3238,-95.4824,60.0456,33,0,-3.3333333333333335,76,5,0.3
36.6953,-76.6398,14.9352,20,0,-9.444444444444445,71,3,0.0
26.1547,-80.2997,3.048,51,5,9.444444444444445,93,7,0.0
38.9597,-95.2642,274.0152,10,0,-15,80,0,0.0
38.6017,-121.3845,17.9832,44,0,3.888888888888889,81,2,0.4
34.598,-112.3185,1524,19,0,-23.88888888888889,25,6,0.2
39.5033,-84.3659,239.8776,16,4,-12.222222222222221,77,5,0.0
18.0827,-67.046,49.0728,69,5,19.444444444444443,93,5,0.7
35.6689,-97.416,333.1464,22,0,-7.222222222222222,88,2,1.0
37.7269,-121.4523,22.86,48,0,0.5555555555555556,56,2,1.0
37.7927,-121.2264,9.144,44,0,2.7777777777777777,76,2,1.0
36.5224,-82.5454,365.1504,28,1,-8.88888888888889,61,0,0.0
43.058,-70.7826,14.9352,15,0,-12.777777777777779,77,5,0.0
40.5709,-111.8506,1439.8752,23,0,-12.777777777777779,55,6,0.0
29.5389,-81.2457,7.9248,39,2,-0.5555555555555556,92,8,0.0
30.2887,-89.7828,6.096,28,0,-2.2222222222222223,100,0,0.0
33.135,-117.1743,182.88,54,0,-19.444444444444443,9,15,1.0
42.3972,-83.3733,196.9008,15,2,-13.333333333333334,74,6,0.0
35.6619,-105.9819,2072.0304,14,0,-20,42,10,0.7
26.1259,-80.2617,3.048,51,5,9.444444444444445,93,7,1.0
29.9777,-95.1953,21.0312,35,0,-2.7777777777777777,73,5,0.4
41.7136,-71.1015,39.9288,16,0,-12.777777777777779,73,6,0.0
33.893,-118.2274,27.1272,53,0,-6.111111111111111,29,5,1.0
33.8374,-118.2559,20.1168,51,0,-5,33,5,0.9
43.8241,-91.2268,192.024,3,0,-21.11111111111111,65,3,0.0
46.8751,-114.0214,975.0552,18,66,-11.11111111111111,76,1,0.0
38.785,-90.7175,163.068,11,0,-13.333333333333334,87,3,0.0
32.8537,-79.8203,6.096,26,0,-6.111111111111111,81,2,0.0
34.0391,-84.3513,337.1088,26,0,-7.777777777777778,73,5,0.2
33.3763,-86.8068,121.92,27,0,-6.666666666666667,74,0,0.5
34.178,-79.7898,35.9664,27,0,-5.555555555555555,79,1,0.4
37.2693,-76.7076,14.9352,21,0,-10,71,3,0.5
33.9447,-118.1926,29.8704,53,0,-4.444444444444445,32,5,1.0
33.9836,-117.6654,185.0136,56,0,-18.333333333333332,9,15,1.0
26.6194,-81.8302,2.1336,47,1,6.666666666666667,87,6,0.0
47.697,-122.2057,0.9144,38,1,2.2222222222222223,91,1,0.0
34.0235,-118.481,32.004,61,0,-11.666666666666666,14,10,-666
39.4653,-74.9981,29.8704,8,0,-13.333333333333334,100,5,0.8
41.1144,-73.4215,43.8912,16,0,-14.444444444444445,64,7,0.3
28.528,-81.1868,21.9456,42,14,1.6666666666666667,77,10,0.0
34.6175,-98.4202,349.9104,24,0,-7.777777777777778,77,2,1.0
33.3873,-112.3235,303.8856,45,0,-17.77777777777778,15,10,1.0
39.1755,-77.2643,149.0472,17,0,-11.666666666666666,77,2,0.6
44.0716,-103.2204,972.0072,27,2,-10.555555555555555,55,8,0.8
33.7523,-117.9938,10.9728,60,0,-16.666666666666668,9,10,1.0
40.863,-74.1575,41.148,18,0,-14.444444444444445,59,3,0.5
42.3698,-87.8716,227.9904,3,0,-18.88888888888889,79,5,0.3
44.8306,-93.3151,255.1176,-2,0,-22.77777777777778,71,0,0.2
18.2003,-67.1397,15.8496,70,6,21.11111111111111,100,6,0.2
37.7074,-122.1599,13.1064,50,0,2.2222222222222223,59,2,-666
42.3316,-71.2085,45.1104,16,0,-15.555555555555555,58,5,0.0
37.0757,-94.5018,303.8856,17,0,-12.777777777777779,70,1,0.2
42.7002,-71.1626,18.8976,15,0,-14.444444444444445,67,5,0.0
36.1901,-94.1574,395.9352,17,0,-12.777777777777779,70,0,0.0
42.5817,-83.1457,221.8944,16,1,-12.777777777777779,74,6,0.0
38.6948,-121.288,47.8536,46,0,3.3333333333333335,74,2,0.3
26.305,-80.1277,3.9624,50,6,10,100,8,0.2
28.0106,-82.5763,3.048,40,0,1.6666666666666667,81,6,0.4
39.1735,-78.1746,244.1448,17,0,-11.666666666666666,77,5,0.4
26.2039,-98.3256,35.052,49,5,1.1111111111111112,58,8,0.7
30.665,-96.3807,110.0328,33,0,-6.666666666666667,59,0,0.9
33.9147,-118.3476,29.8704,55,0,-3.3333333333333335,33,5,1.0
33.9678,-118.0188,148.1328,63,0,-13.333333333333334,12,10,1.0
37.6868,-121.7607,171.9072,47,0,-1.1111111111111112,51,2,0.8
33.6605,-117.6714,220.0656,58,0,-19.444444444444443,8,5,1.0
37.7624,-121.9365,128.016,47,0,1.1111111111111112,60,1,0.9
28.1086,-80.6627,7.9248,45,16,5.555555555555555,89,10,0.3
35.92,-86.8516,191.1096,28,0,-4.444444444444445,85,0,0.0
47.3039,-122.2108,60.96,34,3,0.5555555555555556,97,1,0.0
42.9821,-82.4388,182.88,12,1,-13.333333333333334,81,7,0.0
39.8557,-88.9342,207.8736,9,0,-16.11111111111111,76,5,0.0
29.7587,-94.9671,7.0104,39,0,0.5555555555555556,78,5,0.2
45.1112,-93.3505,264.8712,-2,0,-22.77777777777778,71,0,0.2
39.93,-83.7959,303.8856,15,4,-12.222222222222221,80,6,0.0
33.6151,-117.8668,15.8496,61,0,-9.444444444444445,16,5,-666
42.3192,-83.3805,198.12,15,1,-13.333333333333334,75,6,0.0
40.0706,-82.425,270.0528,16,12,-11.666666666666666,80,5,0.0
40.1989,-85.395,288.036,11,0,-14.444444444444445,80,3,0.0
42.486,-83.3771,252.984,15,1,-13.333333333333334,75,6,0.0
41.8445,-87.7593,185.0136,7,0,-18.333333333333332,69,5,0.0
33.8572,-118.0046,11.8872,59,0,-17.22222222222222,9,10,1.0
41.7062,-71.4334,15.8496,18,0,-12.777777777777779,67,7,0.3
31.3074,-89.317,60.96,27,0,-5.555555555555555,81,0,0.0
41.7658,-71.4858,29.8704,17,0,-13.333333333333334,67,6,0.0
31.5776,-84.1762,71.0184,27,0,-5.555555555555555,81,0,0.3
41.077,-111.962,1360.0176,22,0,-13.333333333333334,55,5,0.0
36.963,-120.0778,79.8576,44,0,0.5555555555555556,65,0,1.0
27.9088,-82.7712,3.9624,42,0,2.2222222222222223,81,6,0.1
37.5025,-122.2253,0.9144,49,0,2.2222222222222223,62,2,0.9
37.4001,-122.0796,28.0416,49,0,1.1111111111111112,57,2,0.4
28.5818,-81.4692,34.1376,41,10,0.5555555555555556,72,10,0.2
38.6668,-121.1422,91.1352,46,0,1.6666666666666667,66,2,0.1
39.0028,-77.0207,104.8512,20,0,-10.555555555555555,74,5,0.2
34.0333,-84.2027,334.9752,26,0,-7.777777777777778,73,5,0.0
28.9034,-81.9887,17.9832,36,0,-1.1111111111111112,78,6,0.3
37.7575,-87.1172,121.92,20,0,-10,77,3,0.0
38.2975,-122.301,6.096,45,0,0.5555555555555556,63,1,0.2
40.9304,-73.7836,29.8704,19,0,-13.88888888888889,59,7,-666
34.084,-118.1355,142.0368,55,0,-11.666666666666666,18,5,1.0
41.135,-104.7902,1829.1048,21,0,-16.11111111111111,45,25,1.0
25.8171,-80.1396,0.9144,52,0,11.11111111111111,100,12,-666
47.436,-120.3295,217.932,31,0,-3.3333333333333335,84,3,0.1
42.2431,-84.4038,298.0944,11,7,-13.88888888888889,83,5,0.1
40.4136,-111.8725,1399.032,21,0,-12.222222222222221,62,7,0.4
40.0891,-85.6892,257.8608,11,0,-13.88888888888889,83,3,0.0
25.4665,-80.4472,2.1336,49,0,8.88888888888889,96,6,0.6
34.8303,-87.6655,182.88,27,0,-7.222222222222222,71,0,0.1
38.5737,-121.2527,42.0624,44,0,2.7777777777777777,76,2,0.3
39.6383,-79.9464,262.128,22,23,-7.222222222222222,88,3,0.0
26.5281,-80.0811,4.8768,50,4,9.444444444444445,96,8,0.0
42.3908,-71.1014,14.0208,19,0,-15.555555555555555,51,6,0.1
27.0576,-82.1977,6.096,42,1,5,96,7,0.1
33.8471,-118.1222,7.9248,52,0,-9.444444444444445,23,5,1.0
38.3756,-75.5865,4.8768,17,0,-10.555555555555555,74,3,0.1
40.557,-111.9784,1423.1112,24,0,-12.222222222222221,54,8,0.4
41.3843,-81.7286,291.9984,16,22,-11.11111111111111,83,9,0.0
26.1685,-98.1904,31.0896,49,11,1.6666666666666667,58,9,0.8
40.7909,-77.8567,359.0544,18,4,-10.555555555555555,80,5,0.2
45.0225,-93.4617,292.9128,-2,0,-22.22222222222222,75,0,0.1
37.5053,-120.8588,31.0896,45,0,2.7777777777777777,74,1,1.0
38.5553,-121.737,13.1064,43,0,2.2222222222222223,76,1,0.9
33.7898,-117.2233,426.1104,51,0,-18.88888888888889,11,5,1.0
35.8212,-90.6791,91.1352,29,0,-7.222222222222222,66,5,0.1
33.7311,-117.8107,28.0416,61,0,-17.77777777777778,8,15,1.0
39.466,-87.3751,148.1328,13,0,-13.333333333333334,80,2,0.0
34.1178,-117.6604,413.004,57,0,-18.333333333333332,9,5,0.9
30.666,-97.6966,219.1512,31,0,-6.666666666666667,62,5,0.8
33.45,-94.0847,91.1352,29,0,-7.222222222222222,79,0,0.5
25.6697,-80.3556,2.1336,50,0,9.444444444444445,96,6,0.2
46.2506,-119.1305,113.0808,31,5,-2.7777777777777777,86,3,0.4
37.4336,-121.8921,17.0688,49,0,-0.5555555555555556,50,2,1.0
38.6318,-121.3263,35.9664,45,0,3.888888888888889,79,2,0.3
33.9508,-117.7254,359.9688,58,0,-18.88888888888889,8,20,1.0
33.0343,-97.1146,182.88,30,0,-7.222222222222222,63,0,1.0
35.1872,-111.6194,2117.1408,8,0,-23.88888888888889,40,2,0.6
38.9037,-90.152,153.924,11,0,-13.88888888888889,83,3,0.0
37.6663,-121.8805,99.06,47,0,0,56,1,0.8
30.5105,-97.8197,281.0256,32,0,-6.666666666666667,61,5,0.7
33.888,-118.1271,14.0208,54,0,-8.333333333333334,23,5,1.0
40.4166,-105.0623,1521.8664,13,0,-15.555555555555555,65,7,1.0
40.7656,-82.5275,365.1504,14,15,-12.222222222222221,85,9,0.0
41.6168,-87.4909,178.0032,8,0,-17.77777777777778,69,5,0.2
40.6266,-75.3679,91.1352,9,0,-14.444444444444445,87,5,0.4
44.9057,-92.923,289.8648,-2,0,-22.77777777777778,71,5,0.0
37.7668,-122.267,0.9144,50,0,3.3333333333333335,64,2,0.8
42.8908,-85.7066,202.9968,13,38,-13.333333333333334,80,3,0.0
42.0308,-88.0838,238.0488,5,0,-19.444444444444443,69,5,0.3
39.3763,-104.8535,1989.1248,18,0,-20,37,15,0.8
42.0464,-87.6943,181.9656,7,0,-17.77777777777778,72,10,-666
25.8152,-80.3565,0.9144,51,0,9.444444444444445,93,7,0.0
39.7598,-94.821,295.0464,9,0,-15.555555555555555,77,3,0.0
30.8502,-83.2788,63.0936,25,0,-5,92,0,0.0
44.962,-89.6459,373.0752,-5,0,-22.77777777777778,82,3,0.0
42.8724,-112.4647,1364.8944,18,0,-12.222222222222221,69,8,0.4
37.7031,-85.8773,239.8776,20,0,-10,77,7,0.0
33.6712,-85.8135,235.0008,26,0,-7.777777777777778,71,0,0.0
42.0955,-87.9826,216.1032,5,0,-19.444444444444443,69,5,0.2
42.6645,-83.1563,227.9904,14,1,-13.333333333333334,76,6,0.0
42.4765,-83.2605,206.0448,16,1,-13.333333333333334,72,6,0.0
29.1995,-81.0982,7.0104,40,13,0.5555555555555556,75,10,0.0
38.0182,-121.8965,25.908,47,0,2.2222222222222223,63,2,0.9
44.0227,-88.5619,231.0384,3,0,-20.555555555555557,68,5,0.6
47.6763,-122.1169,60.96,36,1,1.6666666666666667,95,0,0.0
43.0674,-73.7775,106.0704,6,5,-14.444444444444445,84,2,0.0
34.5352,-117.2109,890.9304,38,0,-18.88888888888889,18,5,1.0
32.569,-97.1213,181.0512,30,0,-8.88888888888889,55,0,0.8
41.8744,-71.3743,13.1064,15,0,-13.88888888888889,70,5,0.0
29.563,-95.5365,21.9456,36,0,-1.6666666666666667,75,0,0.1
39.9542,-105.0526,1613.0016,20,0,-16.666666666666668,44,15,0.0
42.6854,-89.0135,263.0424,3,0,-18.88888888888889,79,0,0.2
29.8734,-97.9356,175.8696,34,0,-6.666666666666667,56,5,0.9
34.223,-119.0321,46.0248,68,0,-20,6,20,1.0
35.6538,-88.8354,138.9888,29,0,-5.555555555555555,75,5,0.0
31.2336,-85.407,99.9744,29,0,-5,78,0,0.1
33.6273,-96.6221,227.9904,29,0,-7.777777777777778,63,0,0.7
26.1605,-80.2241,3.048,51,5,10,96,7,0.0
38.4362,-78.8735,405.0792,15,0,-12.777777777777779,77,2,0.0
41.6901,-88.1021,213.0552,5,0,-18.88888888888889,72,5,0.0
39.2774,-76.8345,121.0056,18,0,-11.11111111111111,77,5,0.2
31.2923,-92.4702,24.0792,29,0,-3.888888888888889,85,5,0.0
42.2985,-85.2296,285.9024,13,31,-13.333333333333334,80,6,0.0
41.6759,-72.7862,60.0456,15,0,-14.444444444444445,67,3,0.0
43.7403,-87.7316,198.12,6,0,-18.88888888888889,69,5,-666
31.1449,-81.4746,0.9144,29,0,-4.444444444444445,88,6,0.0
40.5082,-78.4007,365.1504,21,11,-9.444444444444445,77,6,0.0
38.1218,-121.2932,10.9728,44,0,3.888888888888889,81,2,0.9
34.0512,-117.1712,455.0664,48,0,-18.333333333333332,13,5,0.9
18.2319,-66.0388,70.104,72,50,21.666666666666668,97,3,0.5
38.6473,-77.3459,75.8952,20,0,-11.11111111111111,71,5,0.6
39.156,-76.6071,9.144,18,0,-11.11111111111111,77,5,0.9
40.9136,-73.8291,29.8704,20,0,-13.88888888888889,56,7,-666
44.6774,-93.252,330.0984,-3,0,-23.333333333333332,71,5,0.1
43.1887,-70.8845,29.8704,8,0,-15.555555555555555,83,5,0.0
40.3412,-76.4228,152.0952,14,0,-12.777777777777779,80,5,0.4
38.8075,-121.2489,46.0248,46,0,2.7777777777777777,70,2,0.2
42.3085,-71.4368,60.0456,13,0,-15,70,5,0.0
28.2106,-82.3238,21.9456,40,0,0.5555555555555556,75,6,0.0
40.0355,-86.0042,242.9256,12,0,-14.444444444444445,76,3,0.0
26.2056,-80.2539,3.048,51,5,9.444444444444445,93,7,0.0
38.839,-77.4389,89.916,18,0,-11.666666666666666,73,3,0.0
28.1217,-81.4821,17.9832,42,2,2.2222222222222223,80,7,0.0
64.8353,-147.6533,131.9784,23,66,-5.555555555555555,94,5,0.0
33.6847,-117.3344,426.1104,54,0,-17.77777777777778,11,5,1.0
39.9361,-75.1073,2.1336,18,0,-11.666666666666666,73,5,0.8
36.317,-94.1531,413.9184,17,0,-12.777777777777779,68,0,0.0
45.1696,-93.2077,277.0632,-3,0,-22.77777777777778,75,0,0.1
39.7415,-75.5416,20.1168,15,0,-11.666666666666666,84,5,0.4
38.7954,-90.5157,152.0952,12,0,-13.88888888888889,80,3,0.0
37.23,-80.4279,615.0864,23,5,-9.444444444444445,70,3,0.0
43.0087,-88.2464,281.0256,3,0,-20,72,5,0.0
32.3423,-111.0113,719.0232,42,0,-18.88888888888889,16,9,1.0
34.0829,-117.9722,107.8992,51,0,-16.666666666666668,14,5,0.9
35.1817,-84.8707,245.0592,23,0,-6.111111111111111,93,0,0.4
37.7161,-121.8963,118.872,46,0,0,59,1,0.8
41.7288,-93.6031,289.8648,6,0,-18.88888888888889,69,3,0.0
45.1089,-93.4626,287.1216,-3,0,-22.77777777777778,75,0,0.1
40.6668,-74.1158,3.9624,22,0,-13.88888888888889,52,12,0.5
32.8604,-97.218,196.9008,30,0,-7.777777777777778,60,0,1.0
33.9617,-117.5803,185.0136,59,0,-18.333333333333332,8,15,1.0
18.3832,-66.1134,50.9016,72,50,22.22222222222222,100,8,0.9
43.3109,-73.6458,93.8784,7,7,-13.88888888888889,87,2,0.0
46.1461,-122.963,60.96,36,6,1.1111111111111112,93,2,0.1
36.1995,-119.34,68.8848,45,0,2.7777777777777777,73,0,1.0